total_score,fa_rep,hbond_sc,all_cst,tot_pstat_pm,tot_nlpstat_pm,tot_burunsat_pm,tot_hbond_pm,tot_NLconts_pm,tot_nlsurfaceE_pm,tot_total_charge,tot_total_pos_charges,tot_total_neg_charges,tot_seq_recovery,SR_1,SR_1_total_score,SR_1_fa_rep,SR_1_hbond_sc,SR_1_all_cst,SR_1_hbond_pm,SR_1_burunsat_pm,SR_1_pstat_pm,SR_1_nlpstat_pm,SR_2,SR_2_total_score,SR_2_fa_rep,SR_2_hbond_sc,SR_2_all_cst,SR_2_hbond_pm,SR_2_burunsat_pm,SR_2_pstat_pm,SR_2_nlpstat_pm,SR_3,SR_3_total_score,SR_3_fa_rep,SR_3_hbond_sc,SR_3_all_cst,SR_3_hbond_pm,SR_3_burunsat_pm,SR_3_pstat_pm,SR_3_nlpstat_pm,SR_4,SR_4_total_score,SR_4_fa_rep,SR_4_hbond_sc,SR_4_all_cst,SR_4_hbond_pm,SR_4_burunsat_pm,SR_4_pstat_pm,SR_4_nlpstat_pm,SR_5,SR_5_total_score,SR_5_fa_rep,SR_5_hbond_sc,SR_5_all_cst,SR_5_hbond_pm,SR_5_burunsat_pm,SR_5_pstat_pm,SR_5_nlpstat_pm,SR_6,SR_6_total_score,SR_6_fa_rep,SR_6_hbond_sc,SR_6_all_cst,SR_6_hbond_pm,SR_6_burunsat_pm,SR_6_pstat_pm,SR_6_nlpstat_pm,SR_7,SR_7_total_score,SR_7_fa_rep,SR_7_hbond_sc,SR_7_all_cst,SR_7_interf_E_1_3,SR_7_dsasa_1_3,SR_7_hbond_pm,SR_7_burunsat_pm,Grid_score,Transform_accept_ratio,description
-1714.54,1080.20,-80.39,3.77,0.61,0.59,186.00,708.00,374.00,49.30,-25.00,90.00,115.00,0.00,295.00,0.73,0.49,0.00,1.40,1.00,3.00,0.77,0.77,342.00,-2.22,0.16,0.00,1.34,2.00,1.00,0.40,0.39,295.00,0.73,0.49,0.00,1.40,1.00,3.00,0.77,0.77,239.00,1.25,1.32,-0.45,0.11,1.00,1.00,0.66,0.85,178.00,1.51,0.98,0.00,0.48,2.00,1.00,0.39,0.34,178.00,1.51,0.98,0.00,0.48,2.00,1.00,0.39,0.34,757.00,-5.92,1.34,0.00,0.44,-10.27,0.83,0.00,0.00,-12.00,0.57,54_AgAS_0001
-1678.14,1074.07,-80.23,1.24,0.58,0.57,198.00,704.00,364.00,52.98,-25.00,90.00,115.00,0.00,295.00,0.71,1.41,0.00,0.26,2.00,2.00,0.94,0.73,342.00,-1.70,0.16,0.00,0.09,2.00,0.00,0.63,0.66,295.00,0.71,1.41,0.00,0.26,2.00,2.00,0.94,0.73,239.00,2.47,1.92,-0.78,0.01,1.00,1.00,0.45,0.52,178.00,0.05,1.01,-0.78,0.36,1.00,1.00,0.57,0.47,178.00,0.05,1.01,-0.78,0.36,1.00,1.00,0.57,0.47,757.00,-6.86,1.14,0.00,0.52,-10.71,0.87,0.00,0.00,-12.00,0.62,54_AgAS_0002
-1719.85,1077.91,-78.73,2.11,0.60,0.58,188.00,707.00,372.00,55.21,-25.00,90.00,115.00,0.00,295.00,-0.35,0.58,0.00,0.64,2.00,2.00,0.70,0.80,342.00,-2.23,0.13,0.00,0.57,2.00,1.00,0.73,0.56,295.00,-0.35,0.58,0.00,0.64,2.00,2.00,0.70,0.80,239.00,-0.11,1.00,0.00,0.13,0.00,1.00,0.97,0.97,178.00,0.32,0.99,0.00,0.42,1.00,1.00,0.77,0.82,178.00,0.32,0.99,0.00,0.42,1.00,1.00,0.77,0.82,757.00,-7.30,1.00,0.00,0.35,-11.60,0.88,0.00,0.00,-12.00,0.56,54_AgAS_0003
-1735.14,1053.48,-84.14,4.29,0.61,0.59,196.00,713.00,380.00,56.33,-25.00,90.00,115.00,0.00,295.00,0.61,0.92,0.00,1.31,1.00,3.00,0.78,0.76,342.00,-2.07,0.24,0.00,0.77,2.00,1.00,0.60,0.38,295.00,0.61,0.92,0.00,1.31,1.00,3.00,0.78,0.76,239.00,-1.05,0.98,0.00,0.52,0.00,2.00,0.83,0.86,178.00,-0.27,0.85,0.00,0.83,1.00,2.00,0.46,0.46,178.00,-0.27,0.85,0.00,0.83,1.00,2.00,0.46,0.46,757.00,-6.90,1.56,0.00,0.86,-10.40,0.83,0.00,0.00,-12.00,0.61,54_AgAS_0004
-1675.49,1104.33,-81.81,6.82,0.60,0.60,199.00,713.00,375.00,49.49,-25.00,90.00,115.00,0.00,295.00,-0.14,0.68,-0.48,0.75,3.00,1.00,0.74,0.73,342.00,-3.35,0.15,-0.48,0.72,3.00,0.00,0.82,0.78,295.00,-0.14,0.68,-0.48,0.75,3.00,1.00,0.74,0.73,239.00,3.69,4.28,0.00,2.09,0.00,4.00,0.98,0.92,178.00,5.57,1.49,0.00,2.66,2.00,0.00,0.90,0.79,178.00,5.57,1.49,0.00,2.66,2.00,0.00,0.90,0.79,757.00,-6.92,0.79,0.00,0.60,-10.84,0.80,0.00,0.00,-12.00,0.63,54_AgAS_0005
-1644.13,1076.05,-81.95,1.75,0.61,0.60,194.00,710.00,374.00,45.17,-25.00,90.00,115.00,0.00,295.00,0.25,1.02,0.00,0.25,2.00,2.00,0.78,0.92,342.00,-1.29,0.36,0.00,0.22,2.00,0.00,0.90,0.90,295.00,0.25,1.02,0.00,0.25,2.00,2.00,0.78,0.92,239.00,2.01,1.57,0.00,0.29,0.00,3.00,0.73,0.70,178.00,1.02,1.19,0.00,0.63,0.00,3.00,0.85,0.53,178.00,1.02,1.19,0.00,0.63,0.00,3.00,0.85,0.53,757.00,-5.36,1.33,0.00,0.36,-10.44,0.86,0.00,0.00,-12.00,0.61,54_AgAS_0006
-1722.08,1067.98,-83.51,2.59,0.61,0.58,194.00,711.00,367.00,53.04,-25.00,90.00,115.00,0.00,295.00,-1.23,0.56,0.00,1.01,2.00,1.00,0.68,0.77,342.00,-2.68,0.21,0.00,0.98,3.00,0.00,0.45,0.38,295.00,-1.23,0.56,0.00,1.01,2.00,1.00,0.68,0.77,239.00,-0.97,0.86,0.00,0.08,0.00,3.00,0.75,0.82,178.00,1.58,1.48,0.00,0.28,1.00,2.00,0.35,0.42,178.00,1.58,1.48,0.00,0.28,1.00,2.00,0.35,0.42,757.00,-5.72,1.24,0.00,0.24,-10.27,0.81,0.00,0.00,-12.00,0.59,54_AgAS_0007
-1709.95,1035.41,-76.91,4.23,0.59,0.58,200.00,704.00,369.00,48.23,-25.00,90.00,115.00,0.00,295.00,0.97,0.53,0.00,0.13,1.00,3.00,0.93,0.85,342.00,-1.82,0.14,0.00,0.07,2.00,0.00,0.74,0.79,295.00,0.97,0.53,0.00,0.13,1.00,3.00,0.93,0.85,239.00,1.27,0.64,0.00,1.15,0.00,4.00,0.79,0.74,178.00,1.98,1.31,0.00,1.99,2.00,1.00,0.53,0.61,178.00,1.98,1.31,0.00,1.99,2.00,1.00,0.53,0.61,757.00,-7.15,0.97,0.00,0.90,-11.31,0.82,0.00,0.00,-12.00,0.58,54_AgAS_0008
-1764.03,1057.22,-84.13,3.95,0.59,0.60,191.00,712.00,381.00,50.79,-25.00,90.00,115.00,0.00,295.00,0.35,0.64,-0.46,1.41,3.00,1.00,0.79,0.61,342.00,-2.21,0.12,0.00,1.36,2.00,1.00,0.65,0.59,295.00,0.35,0.64,-0.46,1.41,3.00,1.00,0.79,0.61,239.00,-2.23,1.04,-0.89,0.25,1.00,3.00,0.89,0.80,178.00,0.25,1.06,0.00,0.56,1.00,2.00,0.75,0.80,178.00,0.25,1.06,0.00,0.56,1.00,2.00,0.75,0.80,757.00,-7.17,1.06,0.00,0.37,-11.64,0.84,0.00,0.00,-12.00,0.60,54_AgAS_0009
-1723.25,1060.89,-84.19,1.58,0.59,0.59,207.00,703.00,378.00,53.91,-25.00,90.00,115.00,0.00,295.00,-0.15,0.75,0.00,0.30,2.00,2.00,0.56,0.79,342.00,-2.09,0.12,0.00,0.20,2.00,1.00,0.83,0.82,295.00,-0.15,0.75,0.00,0.30,2.00,2.00,0.56,0.79,239.00,-0.79,1.04,-0.85,0.18,1.00,2.00,0.45,0.75,178.00,-0.17,1.13,0.00,0.49,0.00,2.00,0.34,0.33,178.00,-0.17,1.13,0.00,0.49,0.00,2.00,0.34,0.33,757.00,-7.43,0.89,0.00,0.41,-11.86,0.84,0.00,0.00,-12.00,0.57,54_AgAS_0010
